company_name,gmaps_rating,gmaps_reviews,gmaps_status,gmaps_category
თეგიმი,5.0,0,open,უძრავი ქონების დეველოპერი
ბაკო,5.0,0,found,სამშენებლო კომპანია
კრაფტი,5.0,0,open,
მოზაიკ დეველოპმენტი,5.0,0,open,
ახალი სახლი,5.0,0,found,
ბალავარი,5.0,4,found,
ას ჯორჯია,5.0,0,open,
დაიმონდ პროჯექტს,5.0,0,open,სამშენებლო კომპანია
აზიმუტი,5.0,3,found,
ქ გრუპი,5.0,0,open,სამშენებლო კომპანია
დომუს ჯგუფი,4.8,0,found,
ბათუმი დეველოპმენტ ალიანსი,4.7,0,found,
იქს ლაინ,5.0,0,open,სამშენებლო კომპანია
სერვის ნეტ გრუპი,4.3,0,open,
ექს სითი,5.0,0,open,უძრავი ქონების დეველოპერი
სინერჯი ქონსთრაქშინ,4.0,0,found,სამშენებლო კომპანია
ბილდინგ ჰაუს,5.0,0,found,სამშენებლო კომპანია
ინდეკო სი ემ,5.0,0,open,
კიკეთის სამშენებლო კომპანია,5.0,0,open,სამშენებლო კომპანია
იმპოსტი,,0,not_found,
მონოლით ჯგუფი,5.0,0,found,
არკონი,5.0,0,found,უძრავი ქონების დეველოპერი
მირა,3.0,1,found,
ისანი ბილდინგი,4.3,3,found,
კ ჯგუფი,5.0,0,open,სამშენებლო კომპანია
სპეცკომფორტი,5.0,3,found,
სოლო დეველოპმენტი,4.8,5,found,
გრინჰილ რეზიდენსი,4.8,0,open,
აიდისი,5.0,0,found,
იუნიქს დეველოპმენტი,5.0,7,found,
პრაიმ ბეტონი,5.0,0,found,სამშენებლო კომპანია
ელემენტ კონსტრაქშენი,5.0,32,found,
დონა გრუპ,5.0,0,open,
სამშენებლო კომპანია აპექს დეველოპმენტი,2.3,3,found,
ანაგი დეველოპმენტი 1,4.8,29,found,
ლგ გრუპი,4.6,0,open,
ქრიათივ იმფრეშენს კავკასუს,5.0,0,found,სამშენებლო კომპანია
ენენ ჯგუფი,5.0,1,found,
კანო,5.0,0,open,
რუმბოქსი,5.0,0,open,სამშენებლო კომპანია
სოლუმ დეველოპმენტი,5.0,3,found,
ბაუმ კონსთრაქშენ,5.0,0,open,სამშენებლო კომპანია
ორიონ ჯგუფი,,0,not_found,
აზერტუნელი–ს ფილიალი საქართველოში,5.0,0,open,
გუმბათი ჯგუფი,5.0,1,found,
მზიური დეველოპმენტ,,0,open,უძრავი ქონების დეველოპერი
ას კონსტრაქშენ,5.0,0,open,სამშენებლო კომპანია
დიეს ვაით ლაინი,4.0,0,open,უძრავი ქონების დეველოპერი
ლისი ტოპოგრაფ მენეჯმენტი,5.0,8,found,
რუფ დეველოპერი,5.0,0,found,სამშენებლო კომპანია
გრადა,4.5,12,found,
ნოსტრა,5.0,0,found,
Technical Solution,5.0,0,open,სამშენებლო კომპანია
დეკა დეველოპმენტ,5.0,0,open,უძრავი ქონების დეველოპერი
აა3,5.0,0,found,
მეგა სითი,5.0,0,open,სამშენებლო კომპანია
ემ. ეს. ჯი. 7,4.1,0,open,
ლუჩო,5.0,0,open,სამშენებლო კომპანია
ტოპლაინ სისაიდ,4.6,121,found,
ჰაუსლაინი,5.0,0,open,
სამშენებლო კომპანია - ბარი დეველოპმენტი,5.0,0,found,სამშენებლო კომპანია
დაგი,4.7,3,found,
იუ ბი სი,5.0,0,open,
გალაქსი კონსტრაქშენ,5.0,0,found,სამშენებლო კომპანია
ვერტიკალ გრუპი,5.0,0,open,
ეკობინა,5.0,0,found,სამშენებლო კომპანია
ზმკ - ZMK,4.3,3,found,
გოდოლი,5.0,0,open,სამშენებლო კომპანია
ნდს მშენებლობა,5.0,0,found,სამშენებლო კომპანია
ინ-სი,5.0,0,open,
ბლექ სი გრუპი,4.9,0,open,უძრავი ქონების დეველოპერი
სამშენებლო ლაბორატორია,5.0,0,open,სამშენებლო კომპანია
ბიჰაუსი,5.0,0,open,
M B G. LTD,5.0,0,open,სამშენებლო კომპანია
არქ–დეკო,5.0,0,open,სამშენებლო კომპანია
ბათმშენი,5.0,0,open,სამშენებლო კომპანია
გზა,5.0,0,found,
გრინლაიფ – Greenlife,4.0,0,open,უძრავი ქონების დეველოპერი
კალციტი,5.0,0,found,სამშენებლო კომპანია
მარდი,5.0,0,open,სამშენებლო კომპანია
ნუროლ ინშაათ ვე თიჯარეთის წარმომადგენლობა საქართველოში,5.0,0,open,სამშენებლო კომპანია
პრიმერა გოლფ ენდ რეზიდენც,,0,not_found,
იქსორი წერეთელზე,5.0,0,open,სამშენებლო კომპანია
კალატოზი,4.8,0,open,სამშენებლო კომპანია
კომპანია რეზიდ ჰოლდინგ ჯიემბიეიჩ–ის ფილიალი საქართველოში რეზიდ–თბილისი,5.0,0,found,სამშენებლო კომპანია
კონსოლი,,0,open,
მიქსორი,4.7,0,open,
ოცნების სახლი,,0,open,სამშენებლო კომპანია
ფაივ პოინტს,5.0,0,found,სამშენებლო კომპანია
ფერი,5.0,0,found,სამშენებლო კომპანია
არქთრეიდი,5.0,0,open,
ემ.ბი.ჯი.,4.8,0,open,
ნიუ თაიმ,4.9,0,open,
ოდა,5.0,0,open,უძრავი ქონების დეველოპერი
საამშენებლო კომპანია ოდი,5.0,0,found,სამშენებლო კომპანია
სპეცჰიდრომშენი,5.0,0,found,სამშენებლო კომპანია
ჰორიზონს ჯგუფი,5.0,0,open,სამშენებლო კომპანია
ბაგრატიონი რეზიდენსი,4.3,0,open,
მართე უსაფრთხოდ,5.0,0,open,
Hualing International Special Economic Zone,4.6,0,open,
ბინარეა,5.0,0,found,სამშენებლო კომპანია
პლატინუმ ვაზისუბანი,5.0,0,found,სამშენებლო კომპანია
მაზა,,0,not_found,
სეუ გრუპ დეველოპმენტ კომპანი,3.6,9,found,
რეკან გრუპ ჯორჯია,5.0,0,open,სამშენებლო კომპანია
სანრაიზ დეველოპმენტი,5.0,0,found,სამშენებლო კომპანია
ატლანტ,,0,found,უძრავი ქონების დეველოპერი
მარდიჰაუსი,5.0,0,open,სამშენებლო კომპანია
დეველოპმენტ გრუპი,5.0,0,found,
გლობალ სერვისი,4.6,0,open,
ვიკონ გრუპი,,0,not_found,
მეტტა,4.5,2,found,
სამშენებლო კომპანია მეგობრობა,3.8,5,found,
სამშენებლო დეველოპერული კომპანია აისი,5.0,0,found,სამშენებლო კომპანია
ურბანა,5.0,0,found,სამშენებლო კომპანია
შპს ჯითიბი,5.0,0,open,
კაიზენ კონსტრაქშენ ჯორჯია,5.0,0,open,სამშენებლო კომპანია
ანაგი,4.8,0,open,სამშენებლო კომპანია
სამშენებლო კომპანია ერთი,5.0,0,found,სამშენებლო კომპანია
ბლოქსი,4.9,0,open,უძრავი ქონების დეველოპერი
სითი epc,5.0,0,found,სამშენებლო კომპანია
ფარენჰაიტი,5.0,0,found,სამშენებლო კომპანია
ევორდ,5.0,0,found,სამშენებლო კომპანია
ბი ქეი ქონსთრაქშენ,5.0,0,open,უძრავი ქონების დეველოპერი
ჩვენი სახლი,5.0,0,found,
მედმშენი,5.0,0,found,სამშენებლო კომპანია
ჰაბმშენი,5.0,1,found,
ახალი თბილისი,5.0,0,found,
ტედა ლუქსი,5.0,0,open,სამშენებლო კომპანია
სონნეთ ქონსთრაქშენ,5.0,3,found,
კომლფორტი,5.0,0,open,
ხომერიკი და კომპანია,5.0,0,found,სამშენებლო კომპანია
რუფლაინ,5.0,0,found,სამშენებლო კომპანია
ნიკოლმანი,4.5,0,open,სამშენებლო კომპანია
ჯეოინჟინირინგი,5.0,0,open,
გეოარტქონსთრაქშენი,5.0,0,found,სამშენებლო კომპანია
ელიტჰოუმი,,0,not_found,
სიემსი - სამშენებლო მენეჯმენტი და კონსალტინგი,5.0,0,open,სამშენებლო კომპანია
ალფა-ტექს ქონსთრაქშენი,5.0,0,open,უძრავი ქონების დეველოპერი
ბიმ კუბ ქონსალთინგი,5.0,0,open,უძრავი ქონების დეველოპერი
BD Property,5.0,0,open,
ართვინ ჯორჯია,5.0,1,found,
არკონ,5.0,0,found,უძრავი ქონების დეველოპერი
გრანდე ჯგუფი,5.0,0,open,
ზემინ ტექნოლოჟისი ულუსლარარასის საქართველოს ფილიალი,5.0,0,open,სამშენებლო კომპანია
ზიმო,5.0,3,found,
თიდი კონსტრაქშენ,5.0,0,open,სამშენებლო კომპანია
თი-ისთეითი,5.0,5,found,
იდეა დეველოპმენტ,,0,not_found,
კომპანია ჯაოკენი,5.0,19,found,
ლიტ ჯეო ინვესტი,4.5,15,found,
პარვუს ქონსთრაქშენი,5.0,0,found,სამშენებლო კომპანია
სონნეთ ქონსთრაქშენ+,5.0,3,found,
სურვეიორ,5.0,0,found,სამშენებლო კომპანია
ტერასა გრუპი,,0,not_found,
ტესენ ქონსთრაქშენი,,0,open,სამშენებლო კომპანია
ტიბინი დეველოპმენტი,4.5,8,found,
ალიანსი თბილისი,5.0,0,found,
ბათთაუერსი,4.6,0,open,
ბალავარი პროპერთის,5.0,0,found,
ბანი 2007,,0,found,building materials
დოპელმაიერ საუს კაუკაზუს,,0,found,
მარდი კონსტრაქშენ,5.0,0,open,სამშენებლო კომპანია
მეგა დეველოპმენტი,5.0,3,found,
მეგობრობა,3.8,5,found,
ნექსთ ედრეს,5.0,0,found,სამშენებლო კომპანია
რეალ პალასი,5.0,0,found,სამშენებლო კომპანია
ს მოტორს,5.0,0,open,
ჯავა,5.0,0,open,სამშენებლო კომპანია
ჯბჯ,5.0,0,open,სამშენებლო კომპანია
ჰაუსარტ – ლუქსი,4.8,0,found,
ალექსანდრე სხულუხია,5.0,0,found,სამშენებლო კომპანია
ალისფერი აფრები,4.3,31,found,
არქი პრომოუშენ,4.8,0,open,
არქტური +,5.0,3,found,
ეიმ ბილდინგ სითი,5.0,0,found,უძრავი ქონების დეველოპერი
თი ემ ეს ქონსტრაქშენი,5.0,0,found,სამშენებლო კომპანია
ისანი ბილდინგ,4.3,3,found,
იქსორი,4.3,0,open,
რენოვარე,5.0,0,open,სამშენებლო კომპანია
ჯითისი ქონსთრაქშენ,5.0,0,open,
ჯსპ,5.0,0,open,
ალფა საბურთალო,4.7,0,open,უძრავი ქონების დეველოპერი
ბოტანიკალ გარდენს რეზიდენს,5.0,0,open,
გმ–გრუპი GM–group,,0,not_found,
თალასა ჯგუფი,5.0,0,open,სამშენებლო კომპანია
ლიდერ გრუპი,5.0,0,open,
მწვანე ფერი,4.9,38,found,
საბა კონსტრაქშენ,5.0,1,found,
ალიანსი ქობულეთი,4.9,0,open,უძრავი ქონების დეველოპერი
ერთობლივი საწარმოს ტოდინი–ტაკენაკას ფილიალი საქართველოში,5.0,0,open,სამშენებლო კომპანია
სამშენებლო კომპანია ალფა დეველოპმენტი,5.0,0,open,უძრავი ქონების დეველოპერი
ტერასა ბათუმი,5.0,0,found,
ტერასა წერეთელზე,4.2,81,found,
ADOG-GEORGIA,5.0,0,open,უძრავი ქონების დეველოპერი
გრავიტა,5.0,0,open,სამშენებლო კომპანია
ეიკონ დეველოპმენტი,5.0,0,open,სამშენებლო კომპანია
ენაიდი,5.0,0,open,უძრავი ქონების დეველოპერი
იმპელ დეველოპმენტ,5.0,0,open,
ლისი თაუერსი,5.0,0,open,სამშენებლო კომპანია
ოქროყანა რეზიდენს,5.0,0,open,
ელთ ბილდინგი,4.7,0,found,
მერქანი,5.0,0,found,
მეტრო ქონსტრაქშენ,5.0,0,open,უძრავი ქონების დეველოპერი
არტტექსი,5.0,0,open,
კოლოსი დიღომი,4.8,0,open,სამშენებლო კომპანია
რეალთი ავლაბარი,5.0,0,found,
ჯი–ბი–ჯი,5.0,0,open,უძრავი ქონების დეველოპერი
მეტრო ატლას ჯორჯია,5.0,0,open,უძრავი ქონების დეველოპერი
ოქტა ქონსთრაქშენ,5.0,0,open,სამშენებლო კომპანია
ქეფითალ სისტემს,4.6,0,found,
ალფა რეზიდენსი,5.0,0,open,უძრავი ქონების დეველოპერი
ბემონი ინჟინერია და მშენებლობა,4.3,10,found,
იორკ ჰოლდინგ გრუპი,1.0,5,found,
მს ბილდერი,4.0,1,found,
დევკო,5.0,0,open,სამშენებლო კომპანია
ვიზ,5.0,0,open,სამშენებლო კომპანია
ინნ დეველოპმენტი გლდანი,5.0,0,open,
ემკვადრატის პარკი 3,5.0,0,found,სამშენებლო კომპანია
იდეალთი,5.0,0,open,უძრავი ქონების დეველოპერი
ფორის დეველოპმენტი,4.5,2,found,
მატიანი ბიოგრაფისგან,5.0,0,found,
ჰაუსარტ ნუცუბიძე,4.8,0,found,
ჰაუს დიღომი,4.7,0,open,უძრავი ქონების დეველოპერი
ანაგი თბილისი,4.8,0,open,სამშენებლო კომპანია
ელკონს,5.0,0,open,სამშენებლო კომპანია
ჯორჯიან ჰაუზი,5.0,0,open,
დეკოლაინი,3.7,6,found,
ოსტატი,5.0,1,found,
ბი. აი. ჯი.,5.0,0,open,
ენ სი დი ვაშლიჯვარი,5.0,0,found,
პრაიმ ინვესტ ჯგუფი,5.0,0,found,სამშენებლო კომპანია
ბოსტონ დეველოპმენტ,5.0,0,open,სამშენებლო კომპანია
გეო ბილდერსი,4.4,0,found,
ტეტრისი,5.0,0,found,
მონდე,3.2,13,found,
რემმშენი,5.0,0,open,სამშენებლო კომპანია
მუხერი,5.0,0,open,სამშენებლო კომპანია
არტმშენი,5.0,0,open,სამშენებლო კომპანია
მეგალითი,5.0,0,found,სამშენებლო კომპანია
ნიკა,5.0,0,open,
გლობალ სტანდარტმშენი,5.0,0,open,უძრავი ქონების დეველოპერი
გალე კაპიტალი,5.0,0,found,
ფონ ჯორჯია,5.0,0,found,სამშენებლო კომპანია
სახლი დიღომში,5.0,0,open,
გ.მ.ს. ჯგუფი,5.0,0,open,უძრავი ქონების დეველოპერი
დეველოპმენტ ჯორჯია,5.0,0,open,უძრავი ქონების დეველოპერი
ინვესტ დეველოპმენტი,5.0,0,found,
რიკონი +,5.0,0,open,სამშენებლო კომპანია
ჯეო-ლაინი,5.0,0,found,სამშენებლო კომპანია
თბილისი ჰაუსი,4.8,0,open,უძრავი ქონების დეველოპერი
ლ.დ. დეველოპმენტი,5.0,0,found,სამშენებლო კომპანია
Prospero Georgia,5.0,0,open,
არგო ჯგუფი XXI,5.0,0,open,სამშენებლო კომპანია
გრავითი გრუფი,5.0,1,found,
მერიკა,5.0,0,found,სამშენებლო კომპანია
დიღომი 2000,4.9,0,found,
სასკო,5.0,0,found,სამშენებლო კომპანია
არქი დეეს,4.9,0,open,
სატურნი,5.0,0,found,
მარიალი,5.0,0,open,სამშენებლო კომპანია
ვექტორი,5.0,0,found,სამშენებლო კომპანია
იქს ვაი ზეტ.ჯი,5.0,0,open,building materials
გრანიტი,4.5,0,open,
ლისი პანორამა,4.2,182,found,
სამეცნიერო–საწარმოო კომპანია სოვბი,5.0,0,found,სამშენებლო კომპანია
ქლოქს,4.7,0,open,
"შეზღუდული პასუხისმგებლობის საზოგადოება ქარადენიზ პრეფაბრიქ მაქინე, ელექთრიკ, ინშაათ ვე თურიზმ სანაი ვე თიჯარეთის წარმომადგენლობა საქართველოში",4.7,0,open,სამშენებლო კომპანია
გივი გაგნიძე,5.0,0,open,უძრავი ქონების დეველოპერი
GIMG,5.0,0,found,
აგორა,5.0,0,found,
ბილდინგ გრუპი,5.0,0,found,სამშენებლო კომპანია
ბადენი,5.0,0,open,სამშენებლო კომპანია
თექა,5.0,0,open,სამშენებლო კომპანია
კრისტალი,5.0,0,found,
ნოვა,,0,open,
ალ ჰამრა ქონსთრაქშენ კო–ს წარმომადგენლობა (ფილიალი) საქართველოში,5.0,0,open,უძრავი ქონების დეველოპერი
მონტაჟმშენი,5.0,0,open,უძრავი ქონების დეველოპერი
აღმაშენებელი 96,4.8,0,open,
ბიზნესცენტრი აგრომონტაჟი,4.8,0,open,
თ.ვ.გ. და კომპანია,5.0,0,found,სამშენებლო კომპანია
საპროექტო–სამშენებლო კომპანია სფინქსი,5.0,0,found,სამშენებლო კომპანია
აღმშენებლობა,5.0,0,found,სამშენებლო კომპანია
თბილი სახლი–2009,5.0,15,found,
სამშენებლო კომპანია თბილისი,,0,not_found,
სუპერ-V,5.0,0,found,სამშენებლო კომპანია
გონი,5.0,1,found,
ლგ კონსტრაქშენ,3.0,0,found,
ექსპრესსერვისი 2008,5.0,0,open,
ემ ბი ჯი ჯგუფი,5.0,5,found,
გონიო,5.0,1,found,
სამშენებლო კომპანია სმარტ სოლუშენს,5.0,0,open,სამშენებლო კომპანია
ალტერო +,5.0,0,found,
შპს ლნ – არქიტექტურა და მშენებლობის ტექნიკური ზედამხედველობა,5.0,0,open,სამშენებლო კომპანია
ვინჩი დეველოპმენტი,,0,not_found,
კახი ჯგუფი,5.0,0,open,
გეო თაუერი,5.0,0,found,
ეკრანი,5.0,0,open,
ტექტონი,5.0,0,found,სამშენებლო კომპანია
ჯი თი კომპანი - ველოქს საქართველო,5.0,0,open,
საბა+,5.0,1,found,
ამერი დეველოპმენტი,5.0,0,open,სამშენებლო კომპანია
ფაქტორ გრუპ,5.0,0,found,სამშენებლო კომპანია
ნიუ ბილდინგ ბიზნესი,5.0,0,open,
PMG,5.0,0,found,სამშენებლო კომპანია
ბაუსტარი მმ,5.0,0,open,
თეიმურაზ ბიბილურიძე,4.5,2,found,
კ სამი,5.0,0,found,
კოდი,5.0,0,found,სამშენებლო კომპანია
სი ემ დი ფორტექსი,5.0,0,found,სამშენებლო კომპანია
I.M.J. Group,5.0,0,open,სამშენებლო კომპანია
ბრაუნი,4.6,22,found,
გემა,5.0,0,open,სამშენებლო კომპანია
ვუდ–გარდენი,5.0,0,open,
პრემიუმ ჰაუსი,5.0,0,open,უძრავი ქონების დეველოპერი
რემონტი2,5.0,0,open,
ჯი ჯი პოინტი,5.0,0,found,
არ სი ქონსთრაქშენ,4.0,1,found,
ახალი ვარსკვლავი 2015,5.0,0,found,
გრინ ლაიფ ქონსთრაქშენ,4.6,0,open,უძრავი ქონების დეველოპერი
იდეა მელიქიშვილი,5.0,0,open,უძრავი ქონების დეველოპერი
კვგ ჯგუფი,5.0,0,open,სამშენებლო კომპანია
ლეველი +,5.0,0,found,სამშენებლო კომპანია
მაი მასტერ,5.0,0,open,
პარტნიორი კაპიტალ,5.0,0,found,სამშენებლო კომპანია
რ-ჯგუფი,5.0,0,found,
ტაჰა 14,5.0,0,open,სამშენებლო კომპანია
ჯი ემ ბილდ,5.0,0,open,
ალ შედდადი,4.7,0,open,უძრავი ქონების დეველოპერი
ასტორია გრუპი,4.3,0,found,
იდეალ ჰაუსი,4.6,0,open,
კაია ქონსთრაქშენი,5.0,0,open,
იბერია სტარ გრუპი,5.0,0,found,
ლგე ბილდინგ,4.7,0,open,
მაქს ჰოლდინგი,5.0,0,open,სამშენებლო კომპანია
მწვანე სახლი ვაზისუბანი,,0,not_found,
ნიუ ლენდ,5.0,0,open,სამშენებლო კომპანია
შალვა მერებაშვილი,5.0,0,found,სამშენებლო კომპანია
Art Avenue,5.0,0,open,
დი ბი ეს ჯგუფი,5.0,0,found,სამშენებლო კომპანია
ოპიზერს,5.0,0,found,სამშენებლო კომპანია
აისიეი ჯგუფი,5.0,1,found,
ბაუ სტარ–ვ,5.0,0,open,
ნექსთ დორ,,0,open,
ლივიო,5.0,0,found,სამშენებლო კომპანია
Capital lnvest,4.6,0,found,
ალია-ისრაელ-ჯორჯიან დეველოფმენთ გრუპ,5.0,0,found,
პატრიოტი,4.1,0,open,
სკალა ფიტ-აუთ გრუპი,5.0,0,found,სამშენებლო კომპანია
ინნ დეველოპმენტი+,4.9,10,found,
რენოვა ჯორჯია 2023,5.0,0,open,contractor
ABEKA,5.0,0,found,
ქართული სამშენებლო ჯგუფი,5.0,0,found,სამშენებლო კომპანია
კერა+,5.0,0,found,სამშენებლო კომპანია
კოლიზიუმი ჯგუფი,4.7,207,found,
ივერიამშენ პლუსი,5.0,0,found,სამშენებლო კომპანია
ჯორჯიან ენერჯი გრუპ,4.8,0,open,
იმეკს,5.0,0,found,სამშენებლო კომპანია
თისა,5.0,0,found,სამშენებლო კომპანია
ემ პროექტი,5.0,0,found,სამშენებლო კომპანია
არქიტრავი,5.0,0,found,სამშენებლო კომპანია
თი ემ ჯი გრუპი,5.0,0,open,
ბანი,5.0,0,open,
ევრობლოკი,5.0,0,found,
ენ სისტემს,5.0,0,found,სამშენებლო კომპანია
იმერეთმშენი–2000,5.0,0,found,სამშენებლო კომპანია
ლუკა,4.3,0,open,
პალადა,,0,not_found,
სპექტრი,5.0,0,found,სამშენებლო კომპანია
შე–ლი–1981,5.0,0,open,
შპს T–K Tuzcuoglu Keskin Insaat–ის საქართველო–ბათუმის ფილიალი,5.0,0,found,სამშენებლო კომპანია
MJM group,,0,not_found,
ბიგ ჯორჯია,5.0,0,open,უძრავი ქონების დეველოპერი
ბილდარტ დეველოპმენტი,5.0,0,found,სამშენებლო კომპანია
ბურჯი,5.0,32,found,
ერკერი,5.0,0,open,უძრავი ქონების დეველოპერი
მშენებელი,5.0,0,open,
სამშენებლო ტრესტი №3,5.0,0,open,სამშენებლო კომპანია
სერგი ბილდინგი,5.0,0,found,სამშენებლო კომპანია
სპეცინჟმშენი,5.0,0,found,სამშენებლო კომპანია
ჰორიზონტი,5.0,2,found,
საბა და კომპანია,5.0,1,found,
საქჰიდროენერგომშენი,5.0,0,found,სამშენებლო კომპანია
აგროინვესტ კომპანია,5.0,0,open,
დ. და გ. სამშენებლო კომპანია,5.0,0,found,სამშენებლო კომპანია
იდეალ დეველოპმენტი,5.0,3,found,
მირაჟი–ო,,0,not_found,
ბამი +,5.0,0,open,უძრავი ქონების დეველოპერი
ანრი,4.8,0,open,სამშენებლო კომპანია
სამშენებლო კომპანია,5.0,0,found,სამშენებლო კომპანია
წარმატების სახლი,5.0,0,open,უძრავი ქონების დეველოპერი
რეზიდენს პალასი,5.0,0,open,სამშენებლო კომპანია
ელიტ დეველოპმენტი,5.0,0,open,უძრავი ქონების დეველოპერი
კარკასი,5.0,0,found,სამშენებლო კომპანია
კავიანი 2015,3.0,1,found,
ატრიუმი,5.0,0,open,
დავიდე,4.5,2,found,
კენან ინშაატ და ტიჯარატ-ის ფილ.საქარ. კენან ინშაატ და ტიჯარატ ჯორჯია,5.0,0,open,სამშენებლო კომპანია
ბეთა,5.0,0,open,სამშენებლო კომპანია
ევრომშენი,5.0,0,open,სამშენებლო კომპანია
ვანტი,5.0,0,found,სამშენებლო კომპანია
მშენი,5.0,0,found,სამშენებლო კომპანია
სეგევ,5.0,0,open,
ციტადელი,4.6,23,found,
არქსტუ–დია,5.0,0,found,სამშენებლო კომპანია
ელიტ–ჰაუზი,5.0,0,open,სამშენებლო კომპანია
ნდს 2008,5.0,0,open,
კოლეგიუმი,5.0,0,found,სამშენებლო კომპანია
მოსაშვილი,5.0,0,found,
სამგორი M,5.0,0,open,
ბერდი,5.0,0,found,სამშენებლო კომპანია
ვაგი,5.0,0,open,building materials
გეო ბილდ გრუპ,5.0,0,open,სამშენებლო კომპანია
შპს ჯეოდიზაინ&ქონსთრაქშენ,5.0,0,found,სამშენებლო კომპანია
აიბილდი,5.0,0,found,სამშენებლო კომპანია
ეპიკ დეველოპმენტი,3.9,11,found,
დიდოსტატი,,0,not_found,
ოლიმპ ჯორჯია,5.0,0,found,სამშენებლო კომპანია
ჰილს დეველოპმენტი,4.8,0,open,უძრავი ქონების დეველოპერი
ბი ემ ეს გრუპი,5.0,0,open,უძრავი ქონების დეველოპერი
თემა,5.0,0,found,სამშენებლო კომპანია
სამშენებლო-კომპანია მაქსიმო,5.0,0,found,სამშენებლო კომპანია
პრივატ ჰაუსი,5.0,0,open,უძრავი ქონების დეველოპერი
სვეტი დეველოპმენტი,5.0,0,found,სამშენებლო კომპანია
ვილასეტი,5.0,0,open,სამშენებლო კომპანია
ელიტ კონსტრაქშენი,5.0,0,open,უძრავი ქონების დეველოპერი
სტელა ჰაუზი,5.0,1,found,
ნიუ პალასი,5.0,0,found,სამშენებლო კომპანია
მონუმენტმშენი,5.0,0,open,სამშენებლო კომპანია
ფაინ თრი კონსტრაქშენი,5.0,0,found,სამშენებლო კომპანია
შპს უშანგიო,5.0,0,found,სამშენებლო კომპანია
ჯი ემ ჯი ფაუერი,5.0,0,open,
ასტრა პარკი,4.1,62,found,
რედეო,5.0,0,found,სამშენებლო კომპანია
მმბ,5.0,0,found,სამშენებლო კომპანია
ჯითიდიეფ სოლუშენსი,5.0,0,found,სამშენებლო კომპანია
სოდამი,5.0,0,found,სამშენებლო კომპანია
ე-კონი,5.0,0,open,სამშენებლო კომპანია
სანი,5.0,0,found,სამშენებლო კომპანია
კანალესა,5.0,0,found,სამშენებლო კომპანია
რიფეარ ჯიჯი,4.9,0,found,
სამშენებლო კომპანია ბარსი,5.0,0,found,სამშენებლო კომპანია
რესტარტ დიღომი,4.8,0,open,სამშენებლო კომპანია
ელ ჯორჯია,5.0,0,open,სამშენებლო კომპანია
ბაბუსი,5.0,0,found,სამშენებლო კომპანია
გლობალ ჯორჯია,4.4,0,open,
ძველი თბილისი 2011,5.0,0,found,სამშენებლო კომპანია
მოყვასი 2012,5.0,0,found,სამშენებლო კომპანია
მონოლით გრუპ,5.0,0,found,სამშენებლო კომპანია
ალტერნატივა გრუპი,5.0,0,found,სამშენებლო კომპანია
ლკონსი,5.0,0,open,სამშენებლო კომპანია
დრიმჰაუს დეველოპმენტი,5.0,0,open,სამშენებლო კომპანია
ინტერმშენი პირველი,5.0,0,open,უძრავი ქონების დეველოპერი
სტროი.ჯი,5.0,0,open,
ჯი აი პი ენ - ქართულ-გერმანული საპროექტო ჯგუფი,5.0,0,open,
ელექტროძრავა,5.0,0,open,სამშენებლო კომპანია
თერმოტექნიკა თთ,5.0,0,open,
აი ქეი ბი,5.0,0,found,
ე.ნ. - მშენი,5.0,0,open,სამშენებლო კომპანია
ჰიდროსაინჟინრო კომპანია,5.0,0,found,სამშენებლო კომპანია
არტ-ბონუსი,4.7,0,open,
აგორა2030,5.0,0,open,
არტ გრუპი,5.0,0,open,სამშენებლო კომპანია
ასტორია,4.3,0,found,
აღმაშენებელი 2012,5.0,3,found,
ბარსი,5.0,0,found,სამშენებლო კომპანია
ბეთლემი-2011,5.0,0,open,
გ.ი.პ – I,5.0,0,found,
გზამშენი 2005,5.0,0,found,სამშენებლო კომპანია
გოკი და კომპანია,5.0,0,found,სამშენებლო კომპანია
გრაფენი,5.0,0,open,
გუდაურმშენი,5.0,0,found,სამშენებლო კომპანია
ელვა,5.0,0,found,სამშენებლო კომპანია
ემპა კომპანი,5.0,0,found,სამშენებლო კომპანია
ეს.ელი,5.0,0,found,სამშენებლო კომპანია
ზუგდიდის საგზაო სამმართველო,5.0,0,open,
თაუნს ქონსთრაქშენ,5.0,0,open,სამშენებლო კომპანია
თისადი,5.0,0,found,სამშენებლო კომპანია
ინდიკო,5.0,0,open,სამშენებლო კომპანია
ინჟმშენი–96,5.0,0,open,სამშენებლო კომპანია
ინტერსერვის–2011,,0,found,building materials
ინტექსი,5.0,0,found,სამშენებლო კომპანია
კ-კომპანია,5.0,0,found,სამშენებლო კომპანია
კობი,,0,open,
კომპანია კავკასიონი,5.0,0,found,სამშენებლო კომპანია
კუთხე 2019,5.0,0,open,სამშენებლო კომპანია
ლავა,5.0,0,found,სამშენებლო კომპანია
მზიანი ღამე,5.0,0,found,სამშენებლო კომპანია
მოდილიონი,5.0,0,found,სამშენებლო კომპანია
მტმ,5.0,0,found,სამშენებლო კომპანია
მუხა-გ,5.0,0,found,სამშენებლო კომპანია
ნიუ პასაჟი,5.0,0,found,სამშენებლო კომპანია
ნოდო,5.0,0,found,სამშენებლო კომპანია
ნოუბელ მარინერი,5.0,0,found,სამშენებლო კომპანია
ნუგი,5.0,0,open,სამშენებლო კომპანია
ოვალი,5.0,1,found,
რეზორტ დეველოპმენტ სოლუშენ რდს,4.8,0,found,
რომბი ჯგუფი,5.0,0,found,სამშენებლო კომპანია
საბა 2015,5.0,1,found,
სამშენებლო სარესტავრაციო კომპანია დავითი,5.0,0,found,სამშენებლო კომპანია
სოლო,,0,found,სამშენებლო კომპანია
ქარ–სერვისი,5.0,0,open,
ქვები,5.0,0,open,სამშენებლო კომპანია
ქოინჯულარი,5.0,0,found,სამშენებლო კომპანია
ჯეო ბილდი,5.0,0,open,
ჯეორჯიენ გროუპ,5.0,0,found,სამშენებლო კომპანია
G M G Power,5.0,0,found,
MG,5.0,0,found,
TU-KA,5.0,0,found,სამშენებლო კომპანია
აბრისი,5.0,0,found,სამშენებლო კომპანია
ალგეთი,5.0,0,open,სამშენებლო კომპანია
ალგო 2000,5.0,0,found,
ალე კონსტრაქშენ,5.0,0,found,სამშენებლო კომპანია
ალფა ჯგუფი,5.0,0,open,
არადანი,5.0,0,found,სამშენებლო კომპანია
ატლასი,5.0,0,found,
ბიზნეს სტარი,5.0,0,found,სამშენებლო კომპანია
ბილდექს,5.0,0,found,სამშენებლო კომპანია
ბჩ გეორგია,4.4,0,open,
გარდაბნის საგზაო სამმართველო,5.0,0,open,
გგ კაპიტალი,5.0,0,found,
გი–ან 2011,5.0,0,open,სამშენებლო კომპანია
გინა,4.8,0,open,უძრავი ქონების დეველოპერი
გოლდ 777,5.0,0,found,
გონიო 2003,5.0,0,open,სამშენებლო კომპანია
გრინ ფრეიმი,4.8,0,open,
დავით მალაღურაძე,5.0,0,found,სამშენებლო კომპანია
დავით ნასარიძე,5.0,0,open,
დავითი 2018,5.0,0,found,სამშენებლო კომპანია
დავითი კოსტავა,5.0,0,found,სამშენებლო კომპანია
დაიმონდ კონსტრაქშენ,5.0,0,open,სამშენებლო კომპანია
დეა 2006,5.0,0,found,სამშენებლო კომპანია
დი ენდ ეი,5.0,0,found,სამშენებლო კომპანია
დიდუბე მეგა ტრეიდი,5.0,0,found,სამშენებლო კომპანია
დიელი,5.0,0,open,სამშენებლო კომპანია
დინი დეველოპმენტი,5.0,0,open,სამშენებლო კომპანია
ეი ბი სი ქონსთრაქშენ,5.0,0,open,სამშენებლო კომპანია
ელიტ ინვესტი,5.0,0,open,უძრავი ქონების დეველოპერი
ენ–დი როუდი,5.0,0,open,სამშენებლო კომპანია
ეტალონი – 2007,4.0,0,open,
ვი ქეი ენერჯი,4.6,0,open,
თბილისი სითი,5.0,0,open,უძრავი ქონების დეველოპერი
იბერია–ჯ,5.0,0,found,სამშენებლო კომპანია
იბერიის ვარსკვლავი,5.0,0,found,სამშენებლო კომპანია
იდეალმშენი,5.0,0,found,სამშენებლო კომპანია
კვადრელი,5.0,0,found,სამშენებლო კომპანია
კონსული,5.0,0,found,სამშენებლო კომპანია
კორონი,5.0,0,open,სამშენებლო კომპანია
კოწიწაშვილი და კომპანია,5.0,0,found,სამშენებლო კომპანია
კუბიკები,4.8,22,found,
კუბიქს დეველოპმენტი,5.0,0,open,სამშენებლო კომპანია
ლ. ვ. სტანდარტ ჯგუფი საქართველო,5.0,0,open,სამშენებლო კომპანია
ლ.კ. კომპანი,5.0,0,found,სამშენებლო კომპანია
ლაქი ქონსთრაქშენი,5.0,0,open,სამშენებლო კომპანია
ლინიუმი,5.0,0,found,სამშენებლო კომპანია
მ & ნ,5.0,0,open,სამშენებლო კომპანია
მალხაზი ქორიძე,5.0,3,found,
მანანი,5.0,0,found,სამშენებლო კომპანია
მარსი–მმ ოცდამეერთე,5.0,0,found,
მეოხი,5.0,0,open,
მეტრი,5.0,0,open,
მეტრო მეფ,,0,open,უძრავი ქონების დეველოპერი
მონოლითი 2005,5.0,0,found,
მონოლითი-2,5.0,0,found,
მშენებელი 2012,5.0,0,found,სამშენებლო კომპანია
მშენკომპლექსი,5.0,0,found,სამშენებლო კომპანია
ნათება +,5.0,0,open,
ნიუ სითი,5.0,0,open,სამშენებლო კომპანია
ნოვა ჰოლდინგ,4.4,0,open,building materials
საგზაო სამშენებლო სამმართველო №1,5.0,0,found,სამშენებლო კომპანია
სამშენებლო რეკრუიტინგული კომპანია,5.0,0,found,სამშენებლო კომპანია
სამშენებლო საწარმო გაერთიანება იმერეთი,5.0,0,found,სამშენებლო კომპანია
სან ჰაუსი,5.0,0,open,
საქართველოს სამშენებლო კომპანია,5.0,0,found,სამშენებლო კომპანია
სერგო ჩანგელია,5.0,0,found,
სი ეიჩ კონსტრაქშენ,4.3,3,found,
სტუდიო დეველოპმენტი,5.0,0,open,
ტენდექსი,5.0,0,found,სამშენებლო კომპანია
ტექ–მედია,5.0,0,found,სამშენებლო კომპანია
ქუიქ სერვისი,5.0,0,open,
შარა–გზამშენი პირველი,5.0,0,found,სამშენებლო კომპანია
ჯ და ჯ,5.0,0,open,სამშენებლო კომპანია
ჯიმშერი გეწაძე,5.0,0,found,სამშენებლო კომპანია
ჯორჯთაუნ,5.0,0,found,
ჯორჯიან დეველოპმენტ გრუპ,5.0,0,open,სამშენებლო კომპანია
BREND STILE,5.0,0,found,
EXINPRO LTD შპს ექსინპრო,5.0,0,found,სამშენებლო კომპანია
EXTER-GEORGIA,5.0,0,open,
აგრომშენ გრუპი,5.0,0,found,სამშენებლო კომპანია
ავთანდილი ფიცხელაური,5.0,0,open,
ავტოგრაფი პეკინი,4.3,0,open,
ალ ტი ბილდი,5.0,0,found,
ალთა გრუპ,5.0,0,found,სამშენებლო კომპანია
ალმე,5.0,0,found,სამშენებლო კომპანია
არკა,5.0,0,open,სამშენებლო კომპანია
არჩილ მუჯირიშვილი,5.0,0,found,
არწივანი,5.0,0,found,სამშენებლო კომპანია
აქსონი,5.0,0,open,სამშენებლო კომპანია
ბეროინი,5.0,0,found,სამშენებლო კომპანია
ბეტა ფროფერთიზ,5.0,0,found,სამშენებლო კომპანია
ბილდერი,4.4,0,found,
გ და თ,5.0,0,found,სამშენებლო კომპანია
გეგა,5.0,0,open,სამშენებლო კომპანია
გიორგი,5.0,0,open,სამშენებლო კომპანია
გლობალჰაუს,5.0,0,open,
გოლდენ თაუერ,5.0,0,open,უძრავი ქონების დეველოპერი
დებეტი,5.0,0,found,სამშენებლო კომპანია
დეკო 21,5.0,0,open,
დესინ ესპას,5.0,0,found,სამშენებლო კომპანია
ელ ბი +,5.0,0,found,სამშენებლო კომპანია
ელ დი,5.0,0,found,
ელმა,4.6,20,found,
ერისიმედი,5.0,0,open,
ეტალონი,5.0,0,found,სამშენებლო კომპანია
ეფლაინი,5.0,0,found,სამშენებლო კომპანია
ვატო,5.0,0,open,
ზაქარია წიქარაძე,5.0,0,found,სამშენებლო კომპანია
თბომშენი,5.0,0,open,სამშენებლო კომპანია
თერგი,5.0,0,open,უძრავი ქონების დეველოპერი
იენსი ჯგუფი,5.0,0,open,სამშენებლო კომპანია
იესე ზედგინიძე,5.0,0,found,სამშენებლო კომპანია
ივერია ჯგუფი,5.0,0,found,სამშენებლო კომპანია
ივერიამშენ-პლიუსი,5.0,0,found,სამშენებლო კომპანია
ინოვაციური სამშენებლო კომპანია,5.0,0,open,
კანოე,5.0,0,open,
კომპანია კრისტალი,5.0,0,found,
კომპანია ნიკედო,5.0,0,found,სამშენებლო კომპანია
კომპლექსი,5.0,0,found,სამშენებლო კომპანია
კრწანისი ვილა რეზიდენსი KRTSANISI VILLA RESIDENCE,4.8,0,found,
ლევან მოდებაძე,5.0,0,found,სამშენებლო კომპანია
ლექსო კიზირია,5.0,0,open,უძრავი ქონების დეველოპერი
ლიბო,5.0,0,found,
ლიბრა ქონსტრაქშენი,4.8,4,found,
ლილო რენტალი,4.8,0,open,
ლიმ კონსტრაქშენი,5.0,0,open,სამშენებლო კომპანია
მალხაზი ქასრაშვილი,4.2,6,found,
მარდიელი ჰაუსი,5.0,1,found,
მეგაბილდ,5.0,0,found,სამშენებლო კომპანია
მენო ინტერნეიშენალ,5.0,0,found,სამშენებლო კომპანია
მიმდემი,5.0,0,found,სამშენებლო კომპანია
მოდერნ ბილდინგ კომპანი,5.0,0,open,უძრავი ქონების დეველოპერი
მოდერნ კონსტრაქშენ,5.0,0,open,
მომავლის ხედვა,5.0,0,found,სამშენებლო კომპანია
მშენებელი 2017,5.0,0,found,სამშენებლო კომპანია
ნერჯ,5.0,0,open,
ნიკა 2014,5.0,0,open,
ნიუ იდეა,5.0,0,open,
ნიუ ჰაუსი,5.0,0,open,სამშენებლო კომპანია
ნუკო +,5.0,0,open,
ორექსუს ქონსთრაქშენი,5.0,0,open,სამშენებლო კომპანია
პავლე ქუშაშვილი,5.0,0,found,სამშენებლო კომპანია
პარამეტრი,5.0,0,found,სამშენებლო კომპანია
პარმაღი,5.0,0,found,სამშენებლო კომპანია
პროგრესი +,,0,not_found,
ჟინვალი,5.0,0,found,სამშენებლო კომპანია
რუსთავი დეველოპმენტი,5.0,0,open,უძრავი ქონების დეველოპერი
სამშენებლო კომპანია ევროპა,5.0,0,found,სამშენებლო კომპანია
საქართველოს მომავალი,5.0,0,found,სამშენებლო კომპანია
სითი და კოს,5.0,0,found,სამშენებლო კომპანია
სოლი,,0,found,სამშენებლო კომპანია
სპეცმონოლითი,5.0,0,found,სამშენებლო კომპანია
სტარტი,4.9,0,open,
ტექნოვინი,5.0,0,found,სამშენებლო კომპანია
ტროპოს,5.0,0,open,უძრავი ქონების დეველოპერი
ულტრა დეველოპმენტი,5.0,0,open,უძრავი ქონების დეველოპერი
ქუთაისი 2016,5.0,0,open,სამშენებლო კომპანია
ქუთაისწყალმშენი,5.0,0,found,სამშენებლო კომპანია
ჩაინა თიანჩენ ინჯინიერინგ ქორფორეიშენის ფილიალი საქართველოში,5.0,3,found,
ჯეო ეფექტი,5.0,0,found,სამშენებლო კომპანია
ჯიენსი ჯგუფი,5.0,0,open,სამშენებლო კომპანია
ჰეადერ კონსტრაქშენ,5.0,0,found,სამშენებლო კომპანია
ჰილალ ჩევრე დუზენლემე თემიზლიქ თაჰჰუთ თიჯარეთ ვე ნაქლიე-ს საქართველოს ფილიალი,5.0,0,found,
ჰომექს,5.0,0,open,
New ალგეთი,5.0,0,open,
აბე პლუსი,5.0,0,found,
ახალი სამშენებლო,5.0,0,found,
ახალი სერვისი,5.0,0,found,
ბასილონ გლობალ სერვის,5.0,0,found,სამშენებლო კომპანია
ბი ელ ბილდინგ,5.0,0,found,
ბილდინგ სოლუშენს,5.0,0,found,სამშენებლო კომპანია
გახა ჭეჟია,5.0,0,open,
გევა,4.3,70,found,
გელა გიორგაია,5.0,0,found,სამშენებლო კომპანია
გენადი ემირიძე,5.0,0,open,უძრავი ქონების დეველოპერი
გზა2020,5.0,0,open,
გიორგი სამიტაშვილი,5.0,0,open,სამშენებლო კომპანია
გიორგი ჩიტიძე,5.0,0,open,სამშენებლო კომპანია
გრანდ ბილდინგ სერვისი,5.0,0,open,უძრავი ქონების დეველოპერი
გრანუმი,5.0,0,found,სამშენებლო კომპანია
დავითი2012,5.0,0,found,სამშენებლო კომპანია
დეკა,4.9,11,found,
დემე,5.0,0,found,
დრო,5.0,0,open,სამშენებლო კომპანია
დურუ,4.3,0,open,
ეი თი ვი,5.0,0,found,სამშენებლო კომპანია
ემ.ემ.თე.ჯგუფი,5.0,0,found,სამშენებლო კომპანია
ემდი ჯგუფი,5.0,0,found,სამშენებლო კომპანია
ენ ეს გრუპი,5.0,0,open,სამშენებლო კომპანია
ერისი ჯგუფი,5.0,0,open,უძრავი ქონების დეველოპერი
ვასილ შუბლაძე,5.0,0,open,
ვი-ენი,5.0,0,open,
თა ჯგუფი,5.0,0,open,სამშენებლო კომპანია
თამაზი თედორაძე,5.0,0,found,სამშენებლო კომპანია
თეთრი კარკასი,5.0,0,open,სამშენებლო კომპანია
თელავმშენი,5.0,0,open,სამშენებლო კომპანია
თენგო+,5.0,0,found,სამშენებლო კომპანია
ირლანი,5.0,0,found,სამშენებლო კომპანია
კაპიტელი,5.0,0,found,სამშენებლო კომპანია
კოხტა უბანი,4.4,0,open,სამშენებლო კომპანია
კრეატ,5.0,0,open,სამშენებლო კომპანია
კუბი,5.0,0,found,
ლადო ოდიკაძე,5.0,0,found,სამშენებლო კომპანია
ლუსენითო,5.0,0,found,სამშენებლო კომპანია
მიკო ბილდინგი,5.0,0,found,სამშენებლო კომპანია
მპრ-ქონსტრაქშენი,5.0,0,open,
მშენებელი 2021,5.0,0,found,სამშენებლო კომპანია
მშენებელი 4,5.0,0,open,
მშენებელი 777–7,5.0,0,found,
ნიკა ლილუაშვილი,5.0,0,open,
პარაბოლა,5.0,0,found,სამშენებლო კომპანია
პირამიდა+777,5.0,0,open,
პრაიმ გრუპი,4.7,0,open,სამშენებლო კომპანია
რამაზ ჩაფიჩაძე,5.0,0,found,სამშენებლო კომპანია
რედელფი ჯგუფი,5.0,0,found,სამშენებლო კომპანია
როშკა,5.0,0,found,
სამშენებლო კომპანია სურმანიძეები,5.0,0,found,სამშენებლო კომპანია
საქართველოს კომპანია 1,5.0,0,open,სამშენებლო კომპანია
სერვისი 2015,4.5,0,found,
ტაო-ტბელი,5.0,0,found,სამშენებლო კომპანია
ტერა TERRA,4.8,0,open,სამშენებლო კომპანია
ტოტალ,5.0,0,open,
ქისთოუნ დეველოპმენტი,4.5,0,open,construction company
შემოქმედი,5.0,0,found,სამშენებლო კომპანია
შენება2023,5.0,0,open,
ჩაინა ნუქლეარ ინდასტრი 23 ქონსტრაქშენ კო–ს ფილიალი საქართველოში,5.0,0,found,სამშენებლო კომპანია
ცოტნე,5.0,0,found,სამშენებლო კომპანია
ძველი თბილისის განვითარების ჯგუფი,3.4,10,found,
ხურო 2020,5.0,0,open,სამშენებლო კომპანია
ჯაბა დვალიშვილი,5.0,0,open,სამშენებლო კომპანია
ჯეი ქეი გრუპ,5.0,0,open,სამშენებლო კომპანია
ჯეო აპარტმენტ პლიუს,5.0,0,open,სამშენებლო კომპანია
ჯეო მონტაჟი,5.0,0,open,
ჯეოპრესტიჟი,5.0,0,open,
ჯი ენდ თი ბილდინგი,5.0,0,found,
ჯიი XXI,5.0,0,open,უძრავი ქონების დეველოპერი
ჯმს 4,5.0,0,found,
აბასთუმანი ესთეით,4.3,0,open,
აიემჯი-მ,5.0,0,open,სამშენებლო კომპანია
ანგი-56,5.0,0,open,
აპოგეა+,5.0,0,found,
არაყიშვილი 18,5.0,0,found,სამშენებლო კომპანია
ბ.პ. გრუპ,5.0,0,found,სამშენებლო კომპანია
ბი.ჯი.ქონსთრაქშენ,5.0,0,open,
ბიარსი,5.0,0,found,სამშენებლო კომპანია
ბრიკოსი,5.0,0,open,სამშენებლო კომპანია
ბუილდერ 21,5.0,0,open,
გენ კონსტრაქშენ,5.0,0,open,სამშენებლო კომპანია
გეოარს,5.0,0,open,უძრავი ქონების დეველოპერი
გია ბაწილაშვილი,5.0,0,open,
გილემი,5.0,0,found,სამშენებლო კომპანია
გიორგი ჯინო 1972,5.0,0,found,
გოლდგროუპ 2013,5.0,0,open,უძრავი ქონების დეველოპერი
გოჩა ვასაძე,5.0,0,found,სამშენებლო კომპანია
გრანდი ჯგუფი,5.0,0,open,
გრაპა,5.0,0,found,სამშენებლო კომპანია
დია კონსტრაქშენ კომპანი,5.0,0,found,სამშენებლო კომპანია
დიმისი,5.0,0,found,სამშენებლო კომპანია
დიმიტრი თედიაშვილი,5.0,0,open,სამშენებლო კომპანია
დიმიტრი ნოზაძე,5.0,0,found,სამშენებლო კომპანია
ევრა 2020,5.0,0,found,სამშენებლო კომპანია
ელექტროქსელმშენი,5.0,0,open,სამშენებლო კომპანია
ვაჟა ზაქარაძე,5.0,0,found,სამშენებლო კომპანია
ველ ბილთი,5.0,0,found,სამშენებლო კომპანია
ვესტ,5.0,0,open,
ზურაბი მგელაძე,5.0,0,found,
თ.ლ.თ,5.0,0,open,სამშენებლო კომპანია
თემური ბერიაშვილი,5.0,0,found,სამშენებლო კომპანია
თორნიკე დავლაძე,5.0,0,found,
იერი,5.0,0,open,
ინფრაკონ,5.0,0,open,სამშენებლო კომპანია
იოსებ გოგოლაძე,5.0,0,found,სამშენებლო კომპანია
კად-მ ჯგუფი,5.0,0,found,სამშენებლო კომპანია
კაპიტონ კაკულია,5.0,0,found,სამშენებლო კომპანია
კახაბერ ოქრუაშვილი,5.0,0,open,
კერაკო,5.0,0,open,
კლასი,5.0,0,open,სამშენებლო კომპანია
კოდი 2019,5.0,0,found,სამშენებლო კომპანია
კოლოსეო არენა,4.6,0,open,
კრწანისი 2019,5.0,0,open,
ლდ ესთეითს,4.8,0,open,
ლექს ბილდინგი,5.0,0,open,უძრავი ქონების დეველოპერი
ლმ,5.0,0,open,
მასტერ სერვისი,5.0,0,open,
მასტერი,5.0,0,open,
მოურავი,5.0,0,found,სამშენებლო კომპანია
მშენებელი 2016,5.0,0,open,
მშენებელი 7,5.0,0,found,
მშენებლობა და პროექტირება,5.0,0,found,სამშენებლო კომპანია
ნუგო 3000,,0,found,building materials
ოლიმპო,5.0,1,found,
ოლტა,5.0,0,open,სამშენებლო კომპანია
პავლე სვიანაძე,5.0,0,found,სამშენებლო კომპანია
პერსპექტივა,,0,open,
პლაზმა,5.0,3,found,
პროგრესი,5.0,0,found,სამშენებლო კომპანია
რაზდანი,5.0,0,found,სამშენებლო კომპანია
რიონი 2015,,0,found,
სამშენებლო კომპანია დავითი,5.0,0,found,სამშენებლო კომპანია
სამშენებლო კომპანია თელავი,5.0,0,found,სამშენებლო კომპანია
სერვის ჯორჯია,5.0,0,open,სამშენებლო კომპანია
სითი რეალ ისთეით,5.0,0,open,სამშენებლო კომპანია
სოლო თბილისი,4.9,0,open,
უჯაბნი,5.0,0,found,სამშენებლო კომპანია
ფიცხა,5.0,0,found,სამშენებლო კომპანია
ქართლი,5.0,0,found,სამშენებლო კომპანია
ქეი ენდ ეს,5.0,0,found,
შაქრო მოსიძე,5.0,3,found,
შენება +,5.0,0,found,სამშენებლო კომპანია
შვედური,5.0,0,open,
შოთა კვიჟინაძე,5.0,0,found,სამშენებლო კომპანია
შორენა თაბაგარი,5.0,0,found,სამშენებლო კომპანია
ჯენერეიშენ ბილდერს ჯბ საქართველო,1.0,1,found,
ჯეო ქონსთრაქშენი,5.0,0,open,
ჯი ბი ჯი,5.0,0,open,უძრავი ქონების დეველოპერი
აგრ,5.0,0,found,სამშენებლო კომპანია
ავანგარდ ბაი ორბი,5.0,15,found,
ალექსი ვარძელაშვილი,5.0,0,found,სამშენებლო კომპანია
ალტაირი - XXI,5.0,0,found,სამშენებლო კომპანია
აღმაშენებელი-XXI,5.0,0,open,
ახალი სამშენებლო კომპანია,5.0,0,found,სამშენებლო კომპანია
ბაგრატიონი-26,4.9,0,found,
ბერიკა,5.0,0,found,
ბექა ტოკლიკიშვილი,5.0,0,open,უძრავი ქონების დეველოპერი
ბულატი,4.7,0,found,
ბულვარ გარდენ ქი,5.0,0,open,
გ.ნ.,5.0,0,found,
გდმ ჰოლდინგი,5.0,0,open,უძრავი ქონების დეველოპერი
გიგა გოგია,5.0,0,open,სამშენებლო კომპანია
გრანდ კონცეპტი,5.0,0,open,
გუჯა,5.0,0,open,სამშენებლო კომპანია
დანი ქონსთრაქშენ,5.0,0,found,სამშენებლო კომპანია
დოლერიტი,5.0,0,open,
ეი+ბილდინგსი,5.0,0,found,სამშენებლო კომპანია
ე–კონი,5.0,0,open,სამშენებლო კომპანია
ელია,5.0,0,found,
ზაზა 72,5.0,0,open,
თელა,5.0,0,found,სამშენებლო კომპანია
ივსინო,5.0,0,found,სამშენებლო კომპანია
კარიბჭე-2015,5.0,0,found,სამშენებლო კომპანია
ლ.მ.ნ. ჯგუფი,5.0,0,open,სამშენებლო კომპანია
ლაზარე,5.0,0,open,
ლეგია,5.0,4,found,
ლევან ჩხეიძე,5.0,0,found,სამშენებლო კომპანია
მასტერ ზუგდიდი,5.0,0,open,
მლტ გროუფ,5.0,0,open,
მშენებელი 2020,5.0,0,found,სამშენებლო კომპანია
მშენებელი-2020,5.0,0,found,სამშენებლო კომპანია
მწვანე სახლი სამშენებლო,5.0,0,found,
ნიუ ბილდერსი,5.0,0,open,
ნიუ დეველოპერი,4.0,1,found,
ომიკრონი,5.0,0,open,სამშენებლო კომპანია
რამაზ კაჭკაჭაშვილი,5.0,0,found,სამშენებლო კომპანია
როუდ ბილდერი,5.0,0,found,სამშენებლო კომპანია
საჩი,5.0,0,open,
სებ გრუპი,5.0,0,open,სამშენებლო კომპანია
სტანდარტი B,5.0,0,found,სამშენებლო კომპანია
სფრინგ კონსტრაქშენი,5.0,0,found,სამშენებლო კომპანია
სხალთა,5.0,0,found,სამშენებლო კომპანია
ტრანს ფოურ,5.0,0,open,
უნისტ ჯორჯია,5.0,0,found,
შალვა აფრიდონიძე,5.0,0,found,სამშენებლო კომპანია
ხარისხი,5.0,0,found,
ჯი ეს პი,4.7,0,open,
ალუდა დაიაური,5.0,0,open,უძრავი ქონების დეველოპერი
არეა ენთერფრაისის,5.0,2,found,
ახალი კონსტრუქცია,5.0,0,found,
გზების და მშენებლობის ჯგუფი,5.0,0,open,
გრინ ფას,4.8,0,open,
დიოზერი,5.0,0,open,
ელიტ ბილდინგ კომპანი,5.0,32,found,
ენ ჯი კონსტრაქშენ,5.0,0,found,სამშენებლო კომპანია
ერქვანი,5.0,0,found,სამშენებლო კომპანია
იმერეთი2017,5.0,0,open,
იქს კვადრატი,5.0,0,open,უძრავი ქონების დეველოპერი
კ და გ,5.0,0,found,
ლდ. გროუპ,5.0,0,found,სამშენებლო კომპანია
მარ–41,,0,found,
მარკა,5.0,0,open,
ნიკოლოზი აბრამიშვილი,5.0,0,found,სამშენებლო კომპანია
ნიუ ჯგუფი,5.0,0,found,
პრაგმა2,5.0,0,found,სამშენებლო კომპანია
სამება,5.0,0,found,სამშენებლო კომპანია
უსაფრთხო გზა,5.0,0,found,
ფაინ შალეს,5.0,0,found,სამშენებლო კომპანია
ქართული სახლი,4.6,864,found,
ჩიხურა,5.0,0,open,
ავალონ ჯგუფი,5.0,0,found,
ბილდინგ გრუპ პარტნიორი,,0,open,სამშენებლო კომპანია
გბგ უნივერსალ,5.0,0,open,სამშენებლო კომპანია
გლდანი-ვარკეთილის ურბანული განვითარების ფონდი,5.0,0,open,
გრანდ თაუერი,4.5,12,found,
ევრაზიან ბილდერს,5.0,0,found,სამშენებლო კომპანია
ელეფანტს,5.0,0,found,სამშენებლო კომპანია
ვახტანგი დალაქიშვილი,5.0,0,found,სამშენებლო კომპანია
თდდ,5.0,0,found,სამშენებლო კომპანია
თომსონ ენდ სანს,5.0,0,found,სამშენებლო კომპანია
ლაქშერი ჰაუს,5.0,0,open,
ლიკ დეველოპმენტი,5.0,0,found,სამშენებლო კომპანია
ნუგზარი ჯიბუტი,5.0,0,found,სამშენებლო კომპანია
ობონატო,5.0,0,found,სამშენებლო კომპანია
სხალთა 2007,5.0,0,found,სამშენებლო კომპანია
უაით გრუფი,5.0,0,open,სამშენებლო კომპანია
წალენჯიხის საგზაო სამმართველო,4.3,0,found,
ჯორჯიანვეი,5.0,0,found,
ჰიდრომშენი,5.0,0,found,სამშენებლო კომპანია
ბილდინგი,4.3,3,found,
მშენებელი აგარა,5.0,0,found,სამშენებლო კომპანია
ნიუკონსი,5.0,0,found,სამშენებლო კომპანია
ჩხაო,5.0,0,found,სამშენებლო კომპანია
ნოვიტეკი,5.0,0,open,
ხრამის კასკადი,5.0,0,found,
ბენუ,5.0,0,found,სამშენებლო კომპანია
სქაი ჰაუსი ვარკეთილი,5.0,0,open,სამშენებლო კომპანია
ბეღლეთი 2023,,0,found,
ნარინე სუკიასიან - სათხა ნეტ,5.0,3,found,
უნივერსალი,5.0,0,open,
სკალა ვან ჰოლდინგ,4.7,0,open,უძრავი ქონების დეველოპერი
ჩვენი ჯგუფი,5.0,0,open,სამშენებლო კომპანია
პილარ ქონსთრაქშენ,5.0,1,found,
ალბი კონსტრაქმშენი,5.0,0,found,სამშენებლო კომპანია
ენდიჯი გრუპი,5.0,0,open,სამშენებლო კომპანია
ჯრუჭი,,0,found,
ინტერ კონსტრაქშენი,5.0,0,found,სამშენებლო კომპანია
გები კონსტრაქშენი,4.0,4,found,
იქსი,5.0,0,found,სამშენებლო კომპანია
უნივერსალ ქონსთრაქშენი,5.0,0,found,სამშენებლო კომპანია
აიშენე სახლი,5.0,0,open,სამშენებლო კომპანია
ვერესთან,5.0,0,open,
არჯიესეს,5.0,0,found,სამშენებლო კომპანია
ვრ კონტრაქშენი,5.0,0,found,უძრავი ქონების დეველოპერი
ლიდერ-ბილდინგი 2022,5.0,0,found,სამშენებლო კომპანია
ევრო ჯგუფი,5.0,0,open,სამშენებლო კომპანია
მეგა უნივერსალი,5.0,0,open,
ნიუ დეველოპმენტ,4.0,1,found,
სარ–კო,5.0,0,open,
გ-თ კომპანი,5.0,0,open,
ერა–ჯგუფი,5.0,0,open,
რეტრო დეველოპმენტი,5.0,0,found,სამშენებლო კომპანია
დუდუ +,5.0,0,open,სამშენებლო კომპანია
იბერია 21,5.0,0,found,სამშენებლო კომპანია
ურბან დეველოპმენტ,5.0,0,open,
777,5.0,0,found,
ზეგაანი,5.0,0,open,
თელაგი,4.8,0,open,სამშენებლო კომპანია
თი ენდ გრუპ,5.0,0,found,სამშენებლო კომპანია
იმკა,5.0,0,found,სამშენებლო კომპანია
ლეგა,4.9,0,open,building materials
ნი–მარი,5.0,0,open,
სტრატეგია,5.0,0,open,სამშენებლო კომპანია
საირმე პალასი,4.8,0,open,
თექეშინლერი – ს ზუგდიდის ფილიალი,5.0,0,open,
სამშენებლო კომპანია ნიკე,5.0,0,open,
ნიუსტაილი,5.0,1,found,
121–ა,5.0,0,open,
AGRI SBS GROUP,5.0,0,open,
BATUMI-CITY,5.0,0,found,სამშენებლო კომპანია
C.C. Georgia,5.0,0,open,სამშენებლო კომპანია
DT ENGINEERING,5.0,0,open,
DUDCONSTRUCTION,5.0,0,open,სამშენებლო კომპანია
ESMA TRADING,5.0,0,open,
Georgian Greek Construction & Trading co,5.0,0,open,
GEO–მშენი 2012,5.0,0,open,სამშენებლო კომპანია
GMG,5.0,0,found,
Green Cape,5.0,0,found,
Hepesto,5.0,0,found,სამშენებლო კომპანია
IMPROVIZATOR იმპროვიზატორი,5.0,0,open,
IND-GEO TRADING GROUP,4.5,0,open,სამშენებლო კომპანია
LG კაპიტალი,5.0,0,found,სამშენებლო კომპანია
M & B,5.0,0,open,სამშენებლო კომპანია
MLG ქონსთრაქშენ გრუპ,5.0,0,found,სამშენებლო კომპანია
NAREM CBM,5.0,0,found,სამშენებლო კომპანია
NEW SPACE ნიუ სპეის,4.0,24,found,
PHOENIX,4.2,0,open,
ProCon,5.0,0,found,სამშენებლო კომპანია
RSP–40,5.0,0,found,სამშენებლო კომპანია
T N LIGHT,4.5,0,open,
TS Company,5.0,0,found,სამშენებლო კომპანია
Tur.az,5.0,0,found,სამშენებლო კომპანია
XXII საუკუნე,5.0,0,found,სამშენებლო კომპანია
XXI–საუკუნე,,0,not_found,
ა.მ.შ. 001,5.0,0,open,
აგ ენერგო,5.0,0,found,სამშენებლო კომპანია
აგრაფი,5.0,0,open,
ადამ–ინტერნაციონალი,5.0,0,found,სამშენებლო კომპანია
ავტოგზა – 2000,4.8,0,found,სამშენებლო კომპანია
აირი 2011,5.0,0,open,უძრავი ქონების დეველოპერი
აკო,5.0,0,open,
არგო,5.0,0,open,
არქმშენექსპერტი,5.0,0,found,სამშენებლო კომპანია
არჩეული,5.0,0,found,სამშენებლო კომპანია
აფხაზეთი 2012,4.8,0,open,უძრავი ქონების დეველოპერი
ახალი მსოფლიო NW,5.0,0,found,
ბაბანური,5.0,0,found,სამშენებლო კომპანია
ბათუმი პლაზა,5.0,0,found,სამშენებლო კომპანია
ბამა,5.0,0,found,სამშენებლო კომპანია
ბასა + 2008,5.0,0,found,
ბატ–ბილდერი,5.0,0,found,სამშენებლო კომპანია
ბენეტ & ბენეტ კაპიტალი,4.6,49,found,
ბერკო,5.0,0,open,
ბოვი,5.0,0,found,სამშენებლო კომპანია
ბონესერ ტრეიდინგ ლიმიტედის წარმომადგენლობა თბილისში,5.0,0,found,სამშენებლო კომპანია
ბუკი,5.0,0,found,სამშენებლო კომპანია
გ. და მ.,5.0,0,found,
გეგი,5.0,0,open,სამშენებლო კომპანია
გიო 2007,5.0,0,open,სამშენებლო კომპანია
გიო&კომპანია XXI,5.0,0,found,სამშენებლო კომპანია
გიროს +,5.0,0,open,building materials
გლობალმშენი,5.0,0,found,სამშენებლო კომპანია
გორმშენი–2,5.0,0,found,სამშენებლო კომპანია
გრი–ბილდინგ,4.7,3,found,
გრუპპო ვია,5.0,0,found,სამშენებლო კომპანია
დ. გ. ევროკომპანი,5.0,0,open,უძრავი ქონების დეველოპერი
დაირი 2013,,0,found,building materials
დარიალი–55,5.0,0,found,სამშენებლო კომპანია
დაჩი,5.0,0,found,სამშენებლო კომპანია
დედაბოძი,5.0,0,found,სამშენებლო კომპანია
დიეს გრუპ,5.0,0,open,უძრავი ქონების დეველოპერი
დრიმ ჰაუს,5.0,0,open,სამშენებლო კომპანია
ეგრისი 11,5.0,0,open,უძრავი ქონების დეველოპერი
ევრომშენი 2014,5.0,0,open,სამშენებლო კომპანია
ევროფასადი,5.0,0,open,
ელიტ +,5.0,32,found,
ენკი,5.0,0,found,სამშენებლო კომპანია
ერ–თი–ჯი,5.0,0,open,
ერთობა ჯორჯია,4.7,96,found,
ექსონი,5.0,0,found,
ვეფა,5.0,0,found,სამშენებლო კომპანია
ზაგელ XXI,5.0,0,open,
ზაზა,5.0,0,open,
ზურმუხტი,5.0,0,open,
თანი,5.0,0,open,
თი ჯგუფი,5.0,0,open,
იბერია სითი,4.1,0,open,
იკა–97,,0,found,
იმედი,4.8,0,open,
იმერეთი +,5.0,0,open,
ინტურისტმშენი,5.0,0,open,
იოტა ჯგუფი,5.0,2,found,
კავალერი,5.0,0,found,სამშენებლო კომპანია
კანტი,5.0,0,found,
კარკასი XXI,5.0,0,found,სამშენებლო კომპანია
კახინვესტი,5.0,0,found,სამშენებლო კომპანია
კნდ–10,5.0,0,open,სამშენებლო კომპანია
კოლხეთი გრუპი,5.0,0,open,
კომპანია კ 2,5.0,0,found,
კომფორტ-კომუნიკაცია,5.0,1,found,
კონდა,5.0,0,found,სამშენებლო კომპანია
კონკა,5.0,0,found,სამშენებლო კომპანია
კორდი 2009,5.0,0,open,სამშენებლო კომპანია
ლათინ ჯორჯიან ინტერნაციონალ,5.0,0,found,სამშენებლო კომპანია
ლამფალაში,5.0,0,found,სამშენებლო კომპანია
ლანორი,5.0,0,open,სამშენებლო კომპანია
ლანჩხუთი–მშენებელი,5.0,0,found,სამშენებლო კომპანია
ლაშა 2012,5.0,0,found,სამშენებლო კომპანია
ლიბ კონსტრაქშენი,5.0,0,open,სამშენებლო კომპანია
ლიბრა,4.3,0,open,
ლიდერ დეველოპმენდი,4.9,11,found,
ლიდერ_ბილდერი,5.0,0,found,სამშენებლო კომპანია
ლომისა,5.0,3,found,
ლუკა 2004,,0,found,
ლუნარ გლობე,5.0,0,found,
მ.კ და კომპანია,5.0,0,found,სამშენებლო კომპანია
მათე–2015,5.0,0,open,
მარიამი 2009,5.0,0,found,სამშენებლო კომპანია
მარს ბილდინგს,5.0,0,found,სამშენებლო კომპანია
მაღლივმშენი,5.0,0,found,სამშენებლო კომპანია
მეგა პლიუსი,5.0,0,found,
მედიმექსი,5.0,0,found,სამშენებლო კომპანია
მემორიალი,5.0,0,found,
მინი 77,5.0,0,open,
მოდერნ ბილდინგი,5.0,0,open,უძრავი ქონების დეველოპერი
მოდერნ სითი,5.0,0,open,უძრავი ქონების დეველოპერი
მშენებელი 2006,5.0,0,found,სამშენებლო კომპანია
მშენებელი 2010,5.0,0,open,
მშენებელი 2014,5.0,0,open,
მწვანე გზა,5.0,0,open,
ნანაკო,5.0,0,found,სამშენებლო კომპანია
ნარდი,4.7,0,open,
ნიუ აჭარა,5.0,0,open,
ნიუ ბილდინგ გრუპ,5.0,0,open,
ნიუ ვეის,5.0,0,open,
ნიუ ლაიფ,5.0,0,open,
ნიუ–კერია,4.9,0,open,
ნოზა +,5.0,0,found,სამშენებლო კომპანია
ოაზისი 2012,,0,found,
ორიენტი,5.0,0,found,სამშენებლო კომპანია
პარმა,5.0,0,found,სამშენებლო კომპანია
პირველი–მ,5.0,0,found,სამშენებლო კომპანია
პორტო Fim,,0,not_found,
რესტავრატორი 1969,,0,found,building materials
საბა გეორგია,,0,open,
სამთა,5.0,0,found,სამშენებლო კომპანია
სამშენებლო კომპანია რეფა,5.0,0,found,სამშენებლო კომპანია
სამშენებლო–სამონტაჟო საექსპლუატაციო საწარმო ჩელიაბინსკტრანსსიგნალი–ს საქართველოს ფილიალი,5.0,0,found,სამშენებლო კომპანია
სანი მ,5.0,0,open,
საქართველოს განახლებადი ენერგეტიკის კომპანია,4.8,0,open,
საყრდენი კედელი,5.0,0,found,სამშენებლო კომპანია
სეგმენტი,5.0,0,open,სამშენებლო კომპანია
სერვის ჯგუფი 2007,5.0,0,found,
სიდა,5.0,0,open,
სტარ ლაინი,5.0,0,open,
სფინქსი,5.0,0,found,სამშენებლო კომპანია
სწრაფ მშენი,5.0,0,found,სამშენებლო კომპანია
ტრანს ინვესტ კაპიტალ–სამშენებლო მენეჯმენტი,5.0,0,open,სამშენებლო კომპანია
ფილე,5.0,0,open,
ფრეიმი,5.0,0,found,სამშენებლო კომპანია
ფრონტონი,5.0,0,found,სამშენებლო კომპანია
ქლინ სერვისი,5.0,0,open,
შმაგი,5.0,0,found,სამშენებლო კომპანია
შტრაბაგ ეი ჯი–ს ფილიალი საქართველოში,5.0,0,open,
ცისკარი 2015,4.5,0,found,
ძმები,5.0,0,open,
წყნეთი ჰაუსი,5.0,0,found,
ჯეო ჯგუფი,4.3,112,found,
ჯეობილდ,5.0,0,open,
ჯეოსერვისი+,,0,not_found,
ჯი დი ემ კომპანი,5.0,0,open,სამშენებლო კომპანია
ჯი თი ბი,5.0,0,open,
ჯი თი სი გრუფი,5.0,0,open,
ჯიჯი და მეგობრები,5.0,0,open,სამშენებლო კომპანია
ჯორჯიან აირონ ქინგ,5.0,0,open,სამშენებლო კომპანია
ჯორჯიან კომფორტ გრუპი,5.0,1,found,
ჰაუსარტ სერვისი,4.8,0,found,
ჰოტელ ოაზისი,5.0,0,open,
GEO-PROFILE GROUP,5.0,0,open,
Georgia Invest,5.0,0,open,
Georgian Genesis,5.0,0,open,სამშენებლო კომპანია
KOLHIDELI,5.0,0,open,
Magiran company,5.0,0,open,სამშენებლო კომპანია
MAR-KES,5.0,0,open,
NEW LAZIKA GROUP,5.0,0,open,
Promer +,5.0,0,found,სამშენებლო კომპანია
ალბე 777,5.0,0,found,
ალიონი–99,5.0,0,found,სამშენებლო კომპანია
არმაზი,5.0,0,open,
არსი–ბათუმი,5.0,0,found,უძრავი ქონების დეველოპერი
ბარათა ჯგუფი,5.0,0,open,სამშენებლო კომპანია
ბოვან,5.0,0,found,სამშენებლო კომპანია
ბუხარა,5.0,0,open,
გთ კომპანია,5.0,0,open,
გიო გრუპი,5.0,0,found,
გონი 2007,5.0,0,open,სამშენებლო კომპანია
ეი ჯი ემ მშენჯგუფი,5.0,0,found,უძრავი ქონების დეველოპერი
ენ.ბი.გრუპ,5.0,0,open,სამშენებლო კომპანია
ვილბრუკ მენეჯმენტ ჯორჯია,5.0,0,open,სამშენებლო კომპანია
ზარი,5.0,0,open,
ზუგომშენი,5.0,0,found,სამშენებლო კომპანია
თერმო,5.0,0,open,
იზოლსერვისი,5.0,0,open,სამშენებლო კომპანია
ინჟმშენი,5.0,0,open,სამშენებლო კომპანია
კაპიტალმშენი,5.0,0,found,სამშენებლო კომპანია
კაპიტელი ჯი,5.0,0,found,სამშენებლო კომპანია
მბჯ,5.0,0,found,სამშენებლო კომპანია
მექანიკა,5.0,0,found,სამშენებლო კომპანია
მზიური XXI+,5.0,0,found,
მზიური ველი,,0,not_found,
მონოლითმშენი,5.0,0,found,
მშენ–გროუფ,5.0,0,found,სამშენებლო კომპანია
პკჰ,5.0,0,found,სამშენებლო კომპანია
რედიტი,5.0,0,open,
რონინი სიტი,5.0,0,open,უძრავი ქონების დეველოპერი
საერთაშორისო საგზაო კორპორაცია,5.0,0,found,სამშენებლო კომპანია
სანსეტ ვილიჯ,5.0,0,found,
საუკმშენი,5.0,0,open,
სენთი–სისტემა,5.0,0,found,სამშენებლო კომპანია
სთილ ფრეიმ სისთემს ჯორჯია,5.0,0,open,
სი–ეს–ემ ბიზნეს ჯგუფი,5.0,0,found,სამშენებლო კომპანია
სინათლე–2,5.0,0,found,სამშენებლო კომპანია
სპორტ–არენა,4.5,0,open,
უნივერსალური სამშენებლო ჯგუფი,5.0,0,open,სამშენებლო კომპანია
ფიროსმანი,5.0,0,found,
ჯ.ს.ბ. საქართველო,5.0,0,open,სამშენებლო კომპანია
ჯეო ტრანს 2009,4.7,0,open,
ჯითიაი სოფ კომპანი,5.0,0,open,
ჯორჯიან ალკონტრეიდ,5.0,0,open,
ჯორჯიან მეტალ კომპანი,5.0,0,open,
A.B. Group,5.0,0,found,
Artifex,5.0,0,open,
GEL-100,5.0,0,found,სამშენებლო კომპანია
PATE-02,5.0,0,found,სამშენებლო კომპანია
VILLA,5.0,0,found,უძრავი ქონების დეველოპერი
YAPI GUC GEORGIA,5.0,0,open,
ად ქონუთ ინშაათ მაქინა ელექტრიქ თააჰუთ თიჯარეთ,5.0,0,open,
ავტო–მეტალურგ–მშენი,5.0,0,found,სამშენებლო კომპანია
აი–ეს–პი ფაუნდეიშენ,5.0,0,found,სამშენებლო კომპანია
ამბრელა კორპორეიშენი,3.9,32,found,
ანაგი–ბათუმი,4.8,0,open,სამშენებლო კომპანია
არსი–ტექ,5.0,0,found,სამშენებლო კომპანია
ატეფი,5.0,0,found,
ბაბუ,5.0,0,found,სამშენებლო კომპანია
ბერმუდი +,5.0,0,found,სამშენებლო კომპანია
ბიბო,5.0,0,open,
ბრიდჯ ბილდ,5.0,0,found,
გეო–მასტერ გრუპ,5.0,0,found,სამშენებლო კომპანია
გიო და კომპანია,5.0,0,open,სამშენებლო კომპანია
დ პლუსი,4.8,0,open,
დიზაინმშენსერვისი,5.0,0,found,სამშენებლო კომპანია
დომინუსი,5.0,0,found,სამშენებლო კომპანია
ევროჰოლდინგი,5.0,0,open,სამშენებლო კომპანია
ერღოკატ მაკედონია ა.ტ.ე.ვ.ე–ს საქართველოს ფილიალი,4.3,3,found,
ზედაველა,5.0,0,found,სამშენებლო კომპანია
თბილისი ფროფერთიზ გრუპი,5.0,0,found,სამშენებლო კომპანია
თბილფოლადკონსტრუქცია,5.0,0,found,სამშენებლო კომპანია
თექ–ევ ინშაათ დექორასიონ თააჰჰუთ იჩ ვე დიშ თიჯარეთ ლიმითედ შირქეთი–ს ფილიალი საქართველოში,5.0,0,found,სამშენებლო კომპანია
იბერია ა.ა,4.2,0,open,
იბერია–ბილდი,5.0,0,found,სამშენებლო კომპანია
იკა,5.0,0,open,
ირაო მაგნატ გუდიაშვილი,4.8,0,open,
კომპანია გალს,5.0,0,open,უძრავი ქონების დეველოპერი
კომპენ ჯორჯია,4.6,0,open,
კონტრაქტმშენი,5.0,0,found,სამშენებლო კომპანია
კოპალა–მ,4.5,0,found,
ლიდერი,4.8,4,found,
ლილო ბილდინგ,5.0,0,found,
ლოპალი,5.0,0,found,სამშენებლო კომპანია
მაკრომშენი,5.0,0,open,
მახუნცეთი 2013,5.0,0,found,სამშენებლო კომპანია
მეტეხი 15,5.0,0,found,სამშენებლო კომპანია
მეშვიდე ცა +,5.0,0,found,სამშენებლო კომპანია
მპეტოკატ ა.ე.–ს ფილიალი საქართველოში,5.0,0,found,
მშენებელი 2004,5.0,0,found,სამშენებლო კომპანია
მშენებელი დ.დ. აჩი,5.0,0,found,სამშენებლო კომპანია
ნ პლუსი,5.0,0,found,სამშენებლო კომპანია
ნალი და კომპანია,5.0,0,found,სამშენებლო კომპანია
ნაფა+,5.0,0,found,სამშენებლო კომპანია
ნბჯ,5.0,0,found,სამშენებლო კომპანია
ნიაკა,5.0,0,open,
ოპტიმა 07,5.0,0,open,სამშენებლო კომპანია
ორბიტა–ბ,4.7,0,open,
პროექტმშენი,5.0,0,found,სამშენებლო კომპანია
რიელთი გრუპ,5.0,0,open,
რიონი,5.0,0,open,
როდო პოლისი,5.0,0,open,უძრავი ქონების დეველოპერი
როუდი Road,5.0,0,open,
სამშენებლო კომპანია ბათუმი,5.0,0,found,სამშენებლო კომპანია
საწარმოო–კომერციული ფირმა მერანი,5.0,0,open,
სერვის პლიუსი,5.0,0,found,სამშენებლო კომპანია
სითი დიველოფმენთ გრუპი,5.0,0,found,სამშენებლო კომპანია
სითი პარკი ბათუმი,5.0,0,found,
სპარსული სახლი,5.0,0,found,სამშენებლო კომპანია
უმუთ ინ ჯორჯია,5.0,0,open,
უნიმშენი+,5.0,0,open,სამშენებლო კომპანია
უჩგენ ჯორჯია,5.0,0,found,სამშენებლო კომპანია
ფონი,5.0,0,found,სამშენებლო კომპანია
ქარავანი - XXI,5.0,0,found,სამშენებლო კომპანია
ქართუ მშენებელი,5.0,0,found,სამშენებლო კომპანია
ქარუმ ჯორჯია,5.0,0,found,სამშენებლო კომპანია
ქედა ბილდინგ გრუპი,5.0,0,open,სამშენებლო კომპანია
წყნეთი დეველოპმენტი,5.0,0,open,უძრავი ქონების დეველოპერი
ჯენაკო,5.0,0,found,სამშენებლო კომპანია
ჯეობილდი,5.0,0,found,სამშენებლო კომპანია
ჯორჯიან ექსპრეს კომპანი,3.8,0,open,
ჯორჯიან ქონსთრაქშნ ინქორფორეითიდ ჯი.სი.აი,5.0,0,open,
ჰუაჩუან ჯორჯია ლიმიტედ კომპანი,4.9,14,found,
ენჯი და კომპანია,5.0,0,found,სამშენებლო კომპანია
ერა 2011,5.0,0,open,
ნიჩბურა,5.0,0,open,
ფაუერ ტრანს,4.7,0,open,
ESCo-Georgia,3.3,0,open,
თბილისი–2,5.0,0,open,
VERTEX,,0,not_found,
აბგ,5.0,0,found,სამშენებლო კომპანია
სიმუნოვიც კრისტიან & სია ო.ე საქართველოს ფილიალი,5.0,0,found,სამშენებლო კომპანია
შართო,5.0,0,open,
ჯი არ დი სი,5.0,0,open,უძრავი ქონების დეველოპერი
ჯი ქეი გრუპ,5.0,0,found,სამშენებლო კომპანია
ენ. ერ. ჯი,4.8,0,open,
მ-კლუბი,5.0,0,found,სამშენებლო კომპანია
მშენსერვისი,5.0,0,found,სამშენებლო კომპანია
ისტერნ კონსტრაქტინგი,5.0,0,found,სამშენებლო კომპანია
წარაქვი,5.0,0,open,
ინტერ ჯგუფი,5.0,0,open,სამშენებლო კომპანია
მებუკე,5.0,0,found,
საპროექტო სამშენებლო სარემონტო ფირმა მეგასი,3.2,0,open,სამშენებლო კომპანია
საქმშენინვესტი,5.0,0,open,
ჯე.ემ.ზე. კომპანი,5.0,0,found,სამშენებლო კომპანია
ვინდოორი,5.0,0,found,სამშენებლო კომპანია
ვორქმენი,5.0,0,found,სამშენებლო კომპანია
მშენებელი XXl,5.0,0,found,სამშენებლო კომპანია
ხირსა,5.0,0,found,სამშენებლო კომპანია
ჯი–ეს–ჯი 2008,5.0,0,open,უძრავი ქონების დეველოპერი
BVG GEORGIA ბივიჯი ჯორჯია,5.0,0,open,სამშენებლო კომპანია
ბიემ კომპანი,5.0,0,found,სამშენებლო კომპანია
ბრაით თაუნ,5.0,0,open,სამშენებლო კომპანია
ეუბე ჯორჯია,5.0,0,open,სამშენებლო კომპანია
ოქროს კვეთი,5.0,0,open,სამშენებლო კომპანია
სკინდორი,5.0,0,open,
ტრანს–ინერტი,4.9,0,open,სამშენებლო კომპანია
აზერბაიჯანის სამშენებლო კომპანია,5.0,0,found,სამშენებლო კომპანია
დაიცი,5.0,0,open,სამშენებლო კომპანია
კუბიკ 1,5.0,0,found,სამშენებლო კომპანია
გრანდ კონსტრაქშენ,5.0,0,open,უძრავი ქონების დეველოპერი
დავით კეიდიას სამშენებლო კომპანია,5.0,0,found,
იბერია მშენსერვისი,5.0,0,found,სამშენებლო კომპანია
კავშირტექნოლოგიები,5.0,0,open,სამშენებლო კომპანია
კოხტის ძირი 2010,5.0,0,found,სამშენებლო კომპანია
სახლმშენი,5.0,0,found,სამშენებლო კომპანია
სოფელი ბოსლები,5.0,3,found,
ინტერმშენი 2009,5.0,0,open,უძრავი ქონების დეველოპერი
ფიქალი +,5.0,0,found,სამშენებლო კომპანია
ხედი,5.0,0,found,სამშენებლო კომპანია
ა.ნ.ი,5.0,0,found,სამშენებლო კომპანია
ელ-პარნასი,5.0,0,found,სამშენებლო კომპანია
ვამკო,5.0,0,open,
თიბიჯი,5.0,0,open,სამშენებლო კომპანია
ნოუ ჰაუზ,5.0,0,open,სამშენებლო კომპანია
ოლიმპი,4.5,0,open,
საინჟინრო–სამშენებლო ჯგუფი,5.0,0,open,სამშენებლო კომპანია
SERENA,5.0,0,open,
TRANSMSHENI,,0,not_found,
ალთინსოი ინშაათ თააჰჰუთ პროჟე ვე თიჯარეთის ბათუმის ფილიალი,4.7,0,open,
ბიე,5.0,0,found,სამშენებლო კომპანია
გიჩა +,5.0,0,open,
გრაალი,5.0,0,open,
ენერგეტიკული ალიანსი,4.3,0,open,უძრავი ქონების დეველოპერი
საბმშენი,5.0,0,open,
ტექტორი გთ,5.0,0,open,
ლოიალ კაპიტალ ფროფერთი – საქართველო,5.0,0,open,
მშენებელი–21,5.0,0,found,
დელტა ჰოლდინგი,5.0,0,found,სამშენებლო კომპანია
ბათუმმშენინვესტი,5.0,0,open,
გრუსია,5.0,0,open,სამშენებლო კომპანია
პლანეტ პერფექტო,5.0,1,found,
ჯორჯიან ინჟინირინგი,,0,open,
იკორთა,5.0,1,found,
ბესთ ბილდერ ინტერნეშენალ კომპანი,5.0,0,found,სამშენებლო კომპანია
სამშენებლო კომპანია არკო,5.0,6,found,
ELITE DEVELOPMENT,5.0,0,open,უძრავი ქონების დეველოპერი
ინეო,5.0,0,found,სამშენებლო კომპანია
მირაქსი,5.0,1,found,
ნოზა 2018,5.0,0,found,სამშენებლო კომპანია
ტიფლისი,5.0,0,found,
აკა,4.0,0,open,
მაი ბილდინგ,5.0,0,found,სამშენებლო კომპანია
მიდთაუნგრუპ,5.0,0,found,სამშენებლო კომპანია
გურუ ჰოლდინგ,5.0,0,found,
მაქრო ქონსთრაქშენ,4.5,0,open,სამშენებლო კომპანია
დემაქს ონიაშვილი,4.0,0,open,უძრავი ქონების დეველოპერი
ჯორჯიან გრუპ,5.0,0,open,სამშენებლო კომპანია
ბაგები სითი ჯგუფი,5.0,0,open,უძრავი ქონების დეველოპერი
ოქტანი,5.0,0,found,სამშენებლო კომპანია
კიბის კომპანია,5.0,0,open,
რეფორმა,3.7,3,found,
გეო ვესტ ინდუსტრი,5.0,0,found,სამშენებლო კომპანია
დიკა კონსტრაქშენი,5.0,0,found,
ია–ფეთ იალჩინ პეტროლ თურიზმ თიჯარეთ–ის  წარმომადგენლობა საქართველოში,5.0,0,open,
ნიუ ბრენდ,5.0,0,open,
სი ლეველ გრუპი,5.0,0,found,სამშენებლო კომპანია
ფ.ს.გ.,5.0,0,found,სამშენებლო კომპანია
ZMK,4.3,3,found,
ვესთ დეველოპმენტი,5.0,0,found,სამშენებლო კომპანია
თი ბი ჯი,5.0,0,found,სამშენებლო კომპანია
მ.დ.კ.+,5.0,0,found,
სმარგი,5.0,0,open,სამშენებლო კომპანია
ა.ტ. პროექტ,5.0,0,found,სამშენებლო კომპანია
ჩემპიონთა სახლი,5.0,3,found,
აი–სი–ი–ეს ICES,5.0,0,open,
დავით ოდიშელიძე,5.0,0,found,სამშენებლო კომპანია
ელიტა ბურჯი,5.0,32,found,
ლიმესი,5.0,0,open,სამშენებლო კომპანია
სეა სტარ,4.8,0,found,
ქუალითი კონსტრაქშენ,5.0,0,found,სამშენებლო კომპანია
ჯორჯიან კონსტრაქშენ კომპანი,5.0,0,open,
ინტერსტანდარტ საბურთალო,5.0,0,open,
თორი დეველოპმენტ,5.0,0,open,სამშენებლო კომპანია
მშენალიანსი,5.0,0,found,სამშენებლო კომპანია
აი,5.0,0,found,სამშენებლო კომპანია
აისი,5.0,1,found,
იმპორტსერვისი,5.0,0,found,სამშენებლო კომპანია
სამეცნიერო საწარმოო კომპანია სოვბი,5.0,0,found,სამშენებლო კომპანია
ვინსონი,5.0,0,open,სამშენებლო კომპანია
ბილდლაინ ქონსთრაქშენი,5.0,0,open,სამშენებლო კომპანია
შპს აიპიემეს,5.0,0,found,სამშენებლო კომპანია
ტრანსმშენი,,0,not_found,
სამშენებლო კომპანია ადლი,1.0,1,found,
არქტური,5.0,3,found,
თიზი ჯგუფი,5.0,0,found,სამშენებლო კომპანია
სამეცნიერო-საწარმოო კომპანია ელ-ეს-ჯი,5.0,0,found,სამშენებლო კომპანია
მექანი,5.0,0,found,სამშენებლო კომპანია
იქს-იგრეკ-ზეტ ქონსთრაქშენი,5.0,0,found,სამშენებლო კომპანია
ოპტიმუსი,5.0,0,open,სამშენებლო კომპანია
ედემი,5.0,0,found,
იკორთა 2007,5.0,1,found,
ოპიზარი,,0,not_found,
პრიმა პლიუსი,5.0,0,open,უძრავი ქონების დეველოპერი
რებილდი,5.0,0,found,სამშენებლო კომპანია
ანკო,5.0,6,found,
ბილდმორ ქონსთრაქშენი,5.0,0,found,სამშენებლო კომპანია
ეი თი დეველოპმენტი,5.0,0,open,სამშენებლო კომპანია
ირბის,5.0,0,found,სამშენებლო კომპანია
მეგა ჰოლდინგი,4.7,0,open,
ოლდ ბათუმი,4.7,0,found,
უსტა დეველოპმენტ,5.0,3,found,
ქართულ ესპანური სამშენებლო კომპანია 2017,5.0,0,open,უძრავი ქონების დეველოპერი
ალაბვაზ რეალ ესთეით კომპანი,5.0,0,open,სამშენებლო კომპანია
ბინა კო,5.0,0,found,
ემ-ემ-ჯი ჯგუფი,5.0,0,found,
სი ბი არ,5.0,0,found,სამშენებლო კომპანია
ჰაუზაკადემია,5.0,0,found,სამშენებლო კომპანია
GT+ კომპანი,5.0,1,found,
თხუნელა+,5.0,0,found,სამშენებლო კომპანია
კომპაქტ დეველოპმენტი,5.0,0,found,სამშენებლო კომპანია
სფერა,4.4,0,open,სამშენებლო კომპანია
ახალი ტექნოლოგიები 2011,5.0,0,found,
მეტი დეველოპმენტი,4.9,0,open,სამშენებლო კომპანია
პრემიუმ  ჯგუფი,5.0,0,open,
სიეიჩ ჯგუფი CH Group,4.2,5,found,
ფენიქსი,4.4,0,open,
მოედანი,5.0,0,open,უძრავი ქონების დეველოპერი
ნგს გრუპ,5.0,0,open,სამშენებლო კომპანია
რესტავრატორები და კომპანია,5.0,3,found,
ჰიქ ქომფანი,5.0,1,found,
სი. აი. ჯი,5.0,0,found,
აღმაშენებელი ქუთაისი,,0,open,
იბერია ალიანსი,5.0,0,found,
ბკ ქონსთრაქშენი,,0,open,უძრავი ქონების დეველოპერი
სახლი გოგებაშვილზე,5.0,0,found,სამშენებლო კომპანია
ინტეგრალი 333,5.0,0,found,
დექსუს,5.0,0,open,სამშენებლო კომპანია
Ventus group,5.0,0,open,სამშენებლო კომპანია
თექთ ინტერნეშენალი,5.0,0,found,სამშენებლო კომპანია
როდოსი,5.0,0,open,სამშენებლო კომპანია
სნეილი,5.0,0,open,
ტიფლის ბილდინგი,5.0,0,found,სამშენებლო კომპანია
პაულ შულერ უნდ ირაო გრუპ,5.0,2,found,
როსს ჰოლდინგ–ის ფილიალი როსს ჰოლდინგი საქართველო,4.7,0,open,უძრავი ქონების დეველოპერი
ჩეხური სახლი,5.0,2,found,
დექსუს დეველოპმენტ,5.0,0,open,სამშენებლო კომპანია
იბერია კონსტრაკშენ,5.0,0,found,სამშენებლო კომპანია
ოლიმპიური ვარსკვლავი,5.0,0,found,სამშენებლო კომპანია
ალიონი-მშენი,5.0,0,found,სამშენებლო კომპანია
ენგი,5.0,0,found,სამშენებლო კომპანია
